ID,TE,NPP,Light,SO2,NO2,LSTV,X,Y,name1,name2,CODE,cluster
39.0,0.0,0.0,0.0,0.0,0.0,0.0,688685.659452,1632055.49709,海南省,海南,46.0,0
60.0,0.398180007935,0.0,0.0,0.0,0.0,544861.625,478685.659452,1882055.49709,海南省,海南,46.0,0
61.0,147882.162841,0.0,0.0,0.0,0.0,0.0,488685.659452,1882055.49709,海南省,海南,46.0,6
62.0,7636.08112738,976.200012207,0.0,0.0,411.987823486,0.0,498685.659452,1882055.49709,海南省,海南,46.0,0
68.0,266589.551069,746.899963379,0.0,0.0,0.0,0.0,458685.659452,1892055.49709,海南省,海南,46.0,6
69.0,65151.5369943,1176.69995117,26.0,0.0,0.0,331597.625,468685.659452,1892055.49709,海南省,海南,46.0,0
70.0,1207584.25411,1217.39990234,62.0,0.0,0.0,224094.8125,478685.659452,1892055.49709,海南省,海南,46.0,2
71.0,448065.126418,1202.5,58.0,0.0,0.0,224043.0625,488685.659452,1892055.49709,海南省,海南,46.0,6
72.0,87310.4598514,1324.59997559,21.0,0.0,411.987823486,331413.875,498685.659452,1892055.49709,海南省,海南,46.0,0
73.0,39168.4790866,755.899963379,20.0,0.0,411.987823486,439648.0,508685.659452,1892055.49709,海南省,海南,46.0,0
77.0,51803.3691322,491.099975586,10.0,0.0,0.0,332819.125,428685.659452,1902055.49709,海南省,海南,46.0,0
78.0,43784.1533301,703.0,7.0,3.22204637527,443.27243042,223001.5625,438685.659452,1902055.49709,海南省,海南,46.0,0
79.0,22478.2557542,771.299987793,17.0,3.22204637527,443.27243042,216161.5625,448685.659452,1902055.49709,海南省,海南,46.0,0
80.0,3218.62847765,763.799987793,0.0,3.22204637527,443.27243042,109138.0625,458685.659452,1902055.49709,海南省,海南,46.0,0
81.0,13100.334168,1192.89990234,5.0,0.0,385.495819092,107721.8125,468685.659452,1902055.49709,海南省,海南,46.0,0
82.0,1269.26849417,1211.39990234,9.0,0.0,385.495819092,-2764.875,478685.659452,1902055.49709,海南省,海南,46.0,0
83.0,2227.86766757,1219.69995117,13.0,0.0,385.495819092,-4498.625,488685.659452,1902055.49709,海南省,海南,46.0,0
84.0,9626.83656929,378.5,8.0,0.0,336.458862305,-3365.9375,498685.659452,1902055.49709,海南省,海南,46.0,0
85.0,55772.8729929,1195.29992676,41.0,0.0,336.458862305,109883.875,508685.659452,1902055.49709,海南省,海南,46.0,0
90.0,12950.4408936,0.0,6.0,0.0,0.0,553679.5,398685.659452,1912055.49709,海南省,海南,46.0,0
91.0,39216.0158519,688.5,18.0,0.0,0.0,220870.6875,408685.659452,1912055.49709,海南省,海南,46.0,0
92.0,55488.6518013,698.399963379,18.0,0.0,0.0,113048.375,418685.659452,1912055.49709,海南省,海南,46.0,0
93.0,31000.8073371,717.099975586,6.0,0.0,0.0,3704.1875,428685.659452,1912055.49709,海南省,海南,46.0,0
94.0,12135.6129605,935.599975586,0.0,3.22204637527,443.27243042,3518.0625,438685.659452,1912055.49709,海南省,海南,46.0,0
95.0,3313.6370555,1166.09997559,0.0,3.22204637527,443.27243042,-2379.75,448685.659452,1912055.49709,海南省,海南,46.0,0
96.0,3320.59583887,848.499938965,0.0,3.22204637527,443.27243042,343.0625,458685.659452,1912055.49709,海南省,海南,46.0,0
97.0,3088.20982085,1145.5,0.0,0.0,385.495819092,3318.5,468685.659452,1912055.49709,海南省,海南,46.0,0
98.0,1337.49692808,1146.70007324,0.0,0.0,385.495819092,1565.3125,478685.659452,1912055.49709,海南省,海南,46.0,0
99.0,81.5104792327,1181.5,0.0,0.0,385.495819092,-2213.1875,488685.659452,1912055.49709,海南省,海南,46.0,0
100.0,9191.27369568,751.5,13.0,0.0,336.458862305,-18.875,498685.659452,1912055.49709,海南省,海南,46.0,0
101.0,13512.3664088,644.199951172,7.0,0.0,336.458862305,-656.375,508685.659452,1912055.49709,海南省,海南,46.0,0
102.0,12856.8249435,1157.40002441,19.0,0.0,336.458862305,112007.5625,518685.659452,1912055.49709,海南省,海南,46.0,0
103.0,58636.3254601,432.899993896,12.0,2.58307266235,442.411865234,221537.3125,528685.659452,1912055.49709,海南省,海南,46.0,0
104.0,72702.9775795,558.299987793,11.0,2.58307266235,442.411865234,0.0,538685.659452,1912055.49709,海南省,海南,46.0,0
105.0,40491.4132001,451.799987793,0.0,0.0,0.0,0.0,548685.659452,1912055.49709,海南省,海南,46.0,0
107.0,56999.9783866,736.299987793,5.0,0.0,0.0,6025.5625,408685.659452,1922055.49709,海南省,海南,46.0,0
108.0,1785.68692111,1163.5,0.0,0.0,0.0,-4144.625,418685.659452,1922055.49709,海南省,海南,46.0,0
109.0,2521.3487459,1208.69995117,0.0,0.0,0.0,-3826.4375,428685.659452,1922055.49709,海南省,海南,46.0,0
110.0,11525.9617827,781.099975586,9.0,3.22204637527,443.27243042,-682.5625,438685.659452,1922055.49709,海南省,海南,46.0,0
111.0,6121.12682869,827.699951172,0.0,3.22204637527,443.27243042,-1106.0,448685.659452,1922055.49709,海南省,海南,46.0,0
112.0,6987.73088569,1197.29992676,13.0,3.22204637527,443.27243042,-1270.8125,458685.659452,1922055.49709,海南省,海南,46.0,0
113.0,2188.47351359,732.700012207,0.0,0.0,385.495819092,3637.25,468685.659452,1922055.49709,海南省,海南,46.0,0
114.0,470.685661399,1188.79992676,0.0,0.0,385.495819092,-6848.625,478685.659452,1922055.49709,海南省,海南,46.0,0
115.0,2378.16248403,1201.59997559,0.0,0.0,385.495819092,-5877.8125,488685.659452,1922055.49709,海南省,海南,46.0,0
116.0,21645.1103295,806.499938965,6.0,0.0,336.458862305,438.0625,498685.659452,1922055.49709,海南省,海南,46.0,0
117.0,10855.8003648,917.0,5.0,0.0,336.458862305,4270.5,508685.659452,1922055.49709,海南省,海南,46.0,0
118.0,2564.17142222,729.200012207,0.0,0.0,336.458862305,2098.75,518685.659452,1922055.49709,海南省,海南,46.0,0
119.0,5117.50317857,754.399963379,6.0,2.58307266235,442.411865234,110888.3125,528685.659452,1922055.49709,海南省,海南,46.0,0
120.0,44406.2409322,766.900024414,44.0,2.58307266235,442.411865234,335306.0,538685.659452,1922055.49709,海南省,海南,46.0,0
121.0,65073.1972943,733.5,27.0,0.0,0.0,0.0,548685.659452,1922055.49709,海南省,海南,46.0,0
124.0,5927.03572127,1130.39990234,6.0,0.0,439.243133545,-6040.0625,408685.659452,1932055.49709,海南省,海南,46.0,0
125.0,44.5961608887,1197.59997559,0.0,0.0,439.243133545,-7565.875,418685.659452,1932055.49709,海南省,海南,46.0,0
126.0,54.528374153,1180.59997559,0.0,0.0,439.243133545,-3910.375,428685.659452,1932055.49709,海南省,海南,46.0,0
127.0,11452.7256414,1205.29992676,4.0,3.01461267471,444.947998047,1860.875,438685.659452,1932055.49709,海南省,海南,46.0,0
128.0,14929.9136495,811.599975586,5.0,3.01461267471,444.947998047,4099.5625,448685.659452,1932055.49709,海南省,海南,46.0,0
129.0,11717.0330852,782.700012207,0.0,3.01461267471,444.947998047,3690.125,458685.659452,1932055.49709,海南省,海南,46.0,0
130.0,610.632756959,1177.89990234,0.0,0.0,399.298339844,-1776.9375,468685.659452,1932055.49709,海南省,海南,46.0,0
131.0,463.107076417,1173.90002441,0.0,0.0,399.298339844,-4312.4375,478685.659452,1932055.49709,海南省,海南,46.0,0
132.0,5995.61037396,1182.19995117,0.0,0.0,399.298339844,136.25,488685.659452,1932055.49709,海南省,海南,46.0,0
133.0,9240.32908804,1136.59997559,11.0,0.413523375988,297.192871094,2840.3125,498685.659452,1932055.49709,海南省,海南,46.0,0
134.0,21912.8710025,1055.90002441,13.0,0.413523375988,297.192871094,-2289.75,508685.659452,1932055.49709,海南省,海南,46.0,0
135.0,7874.82346267,819.399963379,5.0,0.413523375988,297.192871094,5406.25,518685.659452,1932055.49709,海南省,海南,46.0,0
136.0,4845.91055164,1208.59997559,7.0,0.0,303.035369873,-3086.125,528685.659452,1932055.49709,海南省,海南,46.0,0
137.0,9536.61584453,1048.90002441,5.0,0.0,303.035369873,106056.1875,538685.659452,1932055.49709,海南省,海南,46.0,0
138.0,14740.1084656,1157.19995117,0.0,11.8547840118,349.911712646,216829.5,548685.659452,1932055.49709,海南省,海南,46.0,0
139.0,24721.9234981,1205.59997559,7.0,11.8547840118,349.911712646,437388.5,558685.659452,1932055.49709,海南省,海南,46.0,0
144.0,56419.1746714,741.199951172,5.0,0.0,0.0,333182.375,398685.659452,1942055.49709,海南省,海南,46.0,0
145.0,4586.42715591,741.299987793,0.0,0.0,439.243133545,1412.5,408685.659452,1942055.49709,海南省,海南,46.0,0
146.0,300.052363167,1237.80004883,0.0,0.0,439.243133545,-7106.5,418685.659452,1942055.49709,海南省,海南,46.0,0
147.0,34.2434806824,1246.29992676,0.0,0.0,439.243133545,-5905.0,428685.659452,1942055.49709,海南省,海南,46.0,0
148.0,6817.3863779,1199.19995117,5.0,3.01461267471,444.947998047,3491.25,438685.659452,1942055.49709,海南省,海南,46.0,0
149.0,17991.6785841,666.799987793,26.0,3.01461267471,444.947998047,8624.3125,448685.659452,1942055.49709,海南省,海南,46.0,0
150.0,13712.3332983,803.200012207,0.0,3.01461267471,444.947998047,8920.5625,458685.659452,1942055.49709,海南省,海南,46.0,0
151.0,357.577508812,1234.69995117,0.0,0.0,399.298339844,56.5625,468685.659452,1942055.49709,海南省,海南,46.0,0
152.0,47493.7781635,1170.40002441,8.0,0.0,399.298339844,1022.0,478685.659452,1942055.49709,海南省,海南,46.0,0
153.0,41138.9208226,1140.0,21.0,0.0,399.298339844,3003.3125,488685.659452,1942055.49709,海南省,海南,46.0,0
154.0,8167.51518321,1170.19995117,4.0,0.413523375988,297.192871094,-1020.75,498685.659452,1942055.49709,海南省,海南,46.0,0
155.0,539.915831149,1237.80004883,0.0,0.413523375988,297.192871094,-2726.0,508685.659452,1942055.49709,海南省,海南,46.0,0
156.0,190.540996437,1213.69995117,0.0,0.413523375988,297.192871094,-2350.625,518685.659452,1942055.49709,海南省,海南,46.0,0
157.0,3331.76827658,1143.39990234,0.0,0.0,303.035369873,-6197.75,528685.659452,1942055.49709,海南省,海南,46.0,0
158.0,681.933941074,1190.30004883,0.0,0.0,303.035369873,-4277.75,538685.659452,1942055.49709,海南省,海南,46.0,0
159.0,1520.38274374,1174.5,0.0,11.8547840118,349.911712646,-1466.75,548685.659452,1942055.49709,海南省,海南,46.0,0
160.0,30245.7531056,1168.20007324,10.0,11.8547840118,349.911712646,111531.8125,558685.659452,1942055.49709,海南省,海南,46.0,0
161.0,46849.8460892,1197.0,18.0,11.8547840118,349.911712646,221813.5625,568685.659452,1942055.49709,海南省,海南,46.0,0
162.0,27330.8811294,664.299987793,14.0,0.0,0.0,328781.0,578685.659452,1942055.49709,海南省,海南,46.0,0
165.0,49238.8254309,646.399963379,5.0,0.0,0.0,334316.3125,398685.659452,1952055.49709,海南省,海南,46.0,0
166.0,4562.88389362,812.5,0.0,0.0,439.243133545,4050.875,408685.659452,1952055.49709,海南省,海南,46.0,0
167.0,946.440092648,827.799987793,0.0,0.0,439.243133545,3264.3125,418685.659452,1952055.49709,海南省,海南,46.0,0
168.0,4698.49465047,1156.29992676,0.0,0.0,439.243133545,895.4375,428685.659452,1952055.49709,海南省,海南,46.0,0
169.0,1096.66546114,1235.29992676,0.0,3.01461267471,444.947998047,-3048.375,438685.659452,1952055.49709,海南省,海南,46.0,0
170.0,227.372649079,539.5,0.0,3.01461267471,444.947998047,-12366.75,448685.659452,1952055.49709,海南省,海南,46.0,0
171.0,2261.12208976,775.999938965,0.0,3.01461267471,444.947998047,-7407.6875,458685.659452,1952055.49709,海南省,海南,46.0,0
172.0,7381.02344688,1182.40002441,0.0,0.0,399.298339844,3746.8125,468685.659452,1952055.49709,海南省,海南,46.0,0
173.0,2772.36601562,1012.79998779,0.0,0.0,399.298339844,3310.5,478685.659452,1952055.49709,海南省,海南,46.0,0
174.0,17979.8524888,1252.0,0.0,0.0,399.298339844,-777.375,488685.659452,1952055.49709,海南省,海南,46.0,0
175.0,1432.57536829,484.5,0.0,0.413523375988,297.192871094,-3414.0,498685.659452,1952055.49709,海南省,海南,46.0,0
176.0,204.875476723,1169.5,0.0,0.413523375988,297.192871094,-2368.1875,508685.659452,1952055.49709,海南省,海南,46.0,0
177.0,1326.20266577,1193.69995117,0.0,0.413523375988,297.192871094,1523.9375,518685.659452,1952055.49709,海南省,海南,46.0,0
178.0,1347.57930897,1210.69995117,0.0,0.0,303.035369873,4137.25,528685.659452,1952055.49709,海南省,海南,46.0,0
179.0,1676.66590939,1121.09997559,0.0,0.0,303.035369873,4221.75,538685.659452,1952055.49709,海南省,海南,46.0,0
180.0,3750.34546196,1157.19995117,0.0,11.8547840118,349.911712646,528.625,548685.659452,1952055.49709,海南省,海南,46.0,0
181.0,6598.69954385,1202.09997559,7.0,11.8547840118,349.911712646,-709.875,558685.659452,1952055.49709,海南省,海南,46.0,0
182.0,15837.4776708,1170.79992676,10.0,11.8547840118,349.911712646,-2072.625,568685.659452,1952055.49709,海南省,海南,46.0,0
183.0,210135.016411,750.199951172,48.0,0.0,0.0,1396.0625,578685.659452,1952055.49709,海南省,海南,46.0,6
187.0,50527.459387,696.799987793,0.0,0.0,0.0,332750.375,398685.659452,1962055.49709,海南省,海南,46.0,0
188.0,2003.52573601,778.199951172,0.0,1.80791711807,449.793395996,-1413.125,408685.659452,1962055.49709,海南省,海南,46.0,0
189.0,7440057.43111,769.700012207,0.0,1.80791711807,449.793395996,-936.125,418685.659452,1962055.49709,海南省,海南,46.0,1
190.0,4761.8126951,260.699981689,0.0,1.80791711807,449.793395996,-241.375,428685.659452,1962055.49709,海南省,海南,46.0,0
191.0,1002.27839317,696.199951172,0.0,4.46091127396,563.422058105,-33.375,438685.659452,1962055.49709,海南省,海南,46.0,0
192.0,223.725423765,1232.5,0.0,4.46091127396,563.422058105,3991.8125,448685.659452,1962055.49709,海南省,海南,46.0,0
193.0,32.8498506546,1242.29992676,0.0,4.46091127396,563.422058105,606.5625,458685.659452,1962055.49709,海南省,海南,46.0,0
194.0,25.0853404999,1167.29992676,0.0,0.0559885054827,583.466186523,-2926.75,468685.659452,1962055.49709,海南省,海南,46.0,0
195.0,4587.12819033,1198.30004883,0.0,0.0559885054827,583.466186523,-6009.125,478685.659452,1962055.49709,海南省,海南,46.0,0
196.0,52348.1408487,1163.69995117,0.0,0.0559885054827,583.466186523,4546.75,488685.659452,1962055.49709,海南省,海南,46.0,0
197.0,1560.88066271,1244.19995117,5.0,12.7558794022,319.592285156,3936.5,498685.659452,1962055.49709,海南省,海南,46.0,0
198.0,212.241807823,1203.49987793,0.0,12.7558794022,319.592285156,-3281.375,508685.659452,1962055.49709,海南省,海南,46.0,0
199.0,1856.06182571,1252.59997559,0.0,12.7558794022,319.592285156,-4303.3125,518685.659452,1962055.49709,海南省,海南,46.0,0
200.0,5926.1562946,758.5,0.0,18.8529663086,296.623626709,1849.3125,528685.659452,1962055.49709,海南省,海南,46.0,0
201.0,2633.46799043,1144.5,5.0,18.8529663086,296.623626709,-2449.1875,538685.659452,1962055.49709,海南省,海南,46.0,0
202.0,995.485597268,1203.59997559,0.0,2.65192604065,315.905975342,240.9375,548685.659452,1962055.49709,海南省,海南,46.0,0
203.0,1207.926497,470.200012207,0.0,2.65192604065,315.905975342,68.6875,558685.659452,1962055.49709,海南省,海南,46.0,0
204.0,4633.93383898,555.899963379,5.0,2.65192604065,315.905975342,10.25,568685.659452,1962055.49709,海南省,海南,46.0,0
205.0,35488.263461,729.900024414,11.0,0.0,0.0,2697.8125,578685.659452,1962055.49709,海南省,海南,46.0,0
206.0,48999.3936684,524.899963379,0.0,0.0,0.0,330298.75,588685.659452,1962055.49709,海南省,海南,46.0,0
209.0,93575.347091,667.299987793,9.0,0.0,0.0,331369.75,398685.659452,1972055.49709,海南省,海南,46.0,0
210.0,8428.27453594,741.099975586,6.0,1.80791711807,449.793395996,-235.9375,408685.659452,1972055.49709,海南省,海南,46.0,0
211.0,7068.95228316,706.200012207,7.0,1.80791711807,449.793395996,-826.4375,418685.659452,1972055.49709,海南省,海南,46.0,0
212.0,10063.0480752,1207.5,0.0,1.80791711807,449.793395996,3815.1875,428685.659452,1972055.49709,海南省,海南,46.0,0
213.0,5251.0945561,766.0,0.0,4.46091127396,563.422058105,3275.375,438685.659452,1972055.49709,海南省,海南,46.0,0
214.0,62.7502758018,1263.89990234,0.0,4.46091127396,563.422058105,-9466.9375,448685.659452,1972055.49709,海南省,海南,46.0,0
215.0,633.551847955,764.599975586,0.0,4.46091127396,563.422058105,229.9375,458685.659452,1972055.49709,海南省,海南,46.0,0
216.0,85.9088523299,1198.40002441,0.0,0.0559885054827,583.466186523,-37.125,468685.659452,1972055.49709,海南省,海南,46.0,0
217.0,184.244835294,1155.69995117,0.0,0.0559885054827,583.466186523,7.9375,478685.659452,1972055.49709,海南省,海南,46.0,0
218.0,3303.58752007,1206.90002441,0.0,0.0559885054827,583.466186523,-8738.75,488685.659452,1972055.49709,海南省,海南,46.0,0
219.0,14110.0082624,1198.90002441,0.0,12.7558794022,319.592285156,574.3125,498685.659452,1972055.49709,海南省,海南,46.0,0
220.0,12288.6570449,1159.09997559,0.0,12.7558794022,319.592285156,3179.125,508685.659452,1972055.49709,海南省,海南,46.0,0
221.0,21235.4982615,769.899963379,9.0,12.7558794022,319.592285156,1981.3125,518685.659452,1972055.49709,海南省,海南,46.0,0
222.0,2081.07469427,779.399963379,0.0,18.8529663086,296.623626709,2298.3125,528685.659452,1972055.49709,海南省,海南,46.0,0
223.0,961.383479154,1135.0,0.0,18.8529663086,296.623626709,-295.6875,538685.659452,1972055.49709,海南省,海南,46.0,0
224.0,152.303852081,1192.59997559,0.0,2.65192604065,315.905975342,-2729.0,548685.659452,1972055.49709,海南省,海南,46.0,0
225.0,979.625928365,1283.69995117,0.0,2.65192604065,315.905975342,-1587.8125,558685.659452,1972055.49709,海南省,海南,46.0,0
226.0,1927.75160632,643.299987793,0.0,2.65192604065,315.905975342,-1478.1875,568685.659452,1972055.49709,海南省,海南,46.0,0
227.0,4181.46017122,1218.90002441,0.0,0.0,0.0,-13.375,578685.659452,1972055.49709,海南省,海南,46.0,0
228.0,64363.5748495,1167.5,8.0,0.0,0.0,326808.25,588685.659452,1972055.49709,海南省,海南,46.0,0
231.0,30911.7359594,731.199951172,6.0,0.0,0.0,330644.125,398685.659452,1982055.49709,海南省,海南,46.0,0
232.0,50973.7027233,693.5,8.0,1.80791711807,449.793395996,2946.9375,408685.659452,1982055.49709,海南省,海南,46.0,0
233.0,32240.638153,810.099975586,5.0,1.80791711807,449.793395996,690.25,418685.659452,1982055.49709,海南省,海南,46.0,0
234.0,3725.03724838,792.0,6.0,1.80791711807,449.793395996,748.125,428685.659452,1982055.49709,海南省,海南,46.0,0
235.0,4514.01015909,1256.29992676,0.0,4.46091127396,563.422058105,-977.125,438685.659452,1982055.49709,海南省,海南,46.0,0
236.0,354.20479445,1258.89990234,0.0,4.46091127396,563.422058105,-1052.75,448685.659452,1982055.49709,海南省,海南,46.0,0
237.0,3054.12790011,1242.29992676,0.0,4.46091127396,563.422058105,-410.0,458685.659452,1982055.49709,海南省,海南,46.0,0
238.0,249.272549515,1226.19995117,0.0,0.0559885054827,583.466186523,-2386.4375,468685.659452,1982055.49709,海南省,海南,46.0,0
239.0,3409.31985344,766.200012207,0.0,0.0559885054827,583.466186523,2792.1875,478685.659452,1982055.49709,海南省,海南,46.0,0
240.0,4849.84226741,1176.99987793,0.0,0.0559885054827,583.466186523,2098.75,488685.659452,1982055.49709,海南省,海南,46.0,0
241.0,167.036512375,749.599975586,0.0,12.7558794022,319.592285156,-2694.25,498685.659452,1982055.49709,海南省,海南,46.0,0
242.0,353.023214633,1182.89990234,0.0,12.7558794022,319.592285156,-3724.3125,508685.659452,1982055.49709,海南省,海南,46.0,0
243.0,6149.55696268,1176.90002441,5.0,12.7558794022,319.592285156,-1500.1875,518685.659452,1982055.49709,海南省,海南,46.0,0
244.0,11067.2310301,767.099975586,0.0,18.8529663086,296.623626709,1440.5,528685.659452,1982055.49709,海南省,海南,46.0,0
245.0,406.97836612,285.999969482,5.0,18.8529663086,296.623626709,-752.5625,538685.659452,1982055.49709,海南省,海南,46.0,0
246.0,1271.64881501,915.999938965,0.0,2.65192604065,315.905975342,2163.875,548685.659452,1982055.49709,海南省,海南,46.0,0
247.0,1762.05894636,886.799987793,0.0,2.65192604065,315.905975342,966.625,558685.659452,1982055.49709,海南省,海南,46.0,0
248.0,6603.98913368,1207.89990234,5.0,2.65192604065,315.905975342,1727.1875,568685.659452,1982055.49709,海南省,海南,46.0,0
249.0,8465.41845242,900.299987793,0.0,0.0,0.0,1817.25,578685.659452,1982055.49709,海南省,海南,46.0,0
250.0,67211.6964631,713.199951172,15.0,0.0,0.0,331621.4375,588685.659452,1982055.49709,海南省,海南,46.0,0
253.0,18297.1799034,653.700012207,17.0,0.0,0.0,333870.6875,398685.659452,1992055.49709,海南省,海南,46.0,0
254.0,13236.66197,640.599975586,6.0,0.0,0.0,2417.5,408685.659452,1992055.49709,海南省,海南,46.0,0
255.0,928470.597099,734.200012207,16.0,0.0,0.0,2136.0,418685.659452,1992055.49709,海南省,海南,46.0,2
256.0,10070231.133,762.399963379,22.0,0.0,0.0,224.375,428685.659452,1992055.49709,海南省,海南,46.0,3
257.0,58603.8503106,1170.09997559,5.0,0.0,455.957855225,-2634.0,438685.659452,1992055.49709,海南省,海南,46.0,0
258.0,3060.15139802,785.600036621,0.0,0.0,455.957855225,-3195.75,448685.659452,1992055.49709,海南省,海南,46.0,0
259.0,3612.79538885,910.399963379,0.0,0.0,455.957855225,-1082.5,458685.659452,1992055.49709,海南省,海南,46.0,0
260.0,24646.118447,745.099975586,0.0,3.46318840981,451.345794678,2606.625,468685.659452,1992055.49709,海南省,海南,46.0,0
261.0,18837.2079075,764.799926758,5.0,3.46318840981,451.345794678,2073.8125,478685.659452,1992055.49709,海南省,海南,46.0,0
262.0,3686.46370285,1244.90002441,0.0,3.46318840981,451.345794678,2398.0,488685.659452,1992055.49709,海南省,海南,46.0,0
263.0,279.124183655,1232.99987793,0.0,0.0,435.443939209,1210.5625,498685.659452,1992055.49709,海南省,海南,46.0,0
264.0,4704.47868469,738.900024414,0.0,0.0,435.443939209,697.8125,508685.659452,1992055.49709,海南省,海南,46.0,0
265.0,6787.44623588,1180.69995117,0.0,0.0,435.443939209,215.9375,518685.659452,1992055.49709,海南省,海南,46.0,0
266.0,9888.42910158,452.299987793,9.0,6.40329647064,340.137512207,922.875,528685.659452,1992055.49709,海南省,海南,46.0,0
267.0,21384.0178216,733.999938965,6.0,6.40329647064,340.137512207,728.8125,538685.659452,1992055.49709,海南省,海南,46.0,0
268.0,5852.19478723,760.100036621,0.0,7.01305913925,386.903991699,-449.0,548685.659452,1992055.49709,海南省,海南,46.0,0
269.0,1320.71895395,939.099975586,0.0,7.01305913925,386.903991699,-2016.625,558685.659452,1992055.49709,海南省,海南,46.0,0
270.0,7691.32314834,1203.79992676,7.0,7.01305913925,386.903991699,-2771.6875,568685.659452,1992055.49709,海南省,海南,46.0,0
271.0,32853.5832221,517.299987793,6.0,3.71305370331,403.681945801,-1483.0,578685.659452,1992055.49709,海南省,海南,46.0,0
272.0,53306.832911,675.200012207,8.0,3.71305370331,403.681945801,219414.375,588685.659452,1992055.49709,海南省,海南,46.0,0
273.0,17102.3798579,668.699951172,0.0,3.71305370331,403.681945801,0.0,598685.659452,1992055.49709,海南省,海南,46.0,0
275.0,5114.17951567,0.0,5.0,0.0,0.0,433861.0625,398685.659452,2002055.49709,海南省,海南,46.0,0
276.0,10978.571922,694.5,0.0,0.0,0.0,107305.9375,408685.659452,2002055.49709,海南省,海南,46.0,0
277.0,10888.2199945,744.200012207,10.0,0.0,0.0,468.9375,418685.659452,2002055.49709,海南省,海南,46.0,0
278.0,58496.3739364,727.899963379,27.0,0.0,0.0,2171.625,428685.659452,2002055.49709,海南省,海南,46.0,0
279.0,28057.0198013,712.799987793,5.0,0.0,455.957855225,3474.3125,438685.659452,2002055.49709,海南省,海南,46.0,0
280.0,12149.2569591,757.299987793,8.0,0.0,455.957855225,2312.875,448685.659452,2002055.49709,海南省,海南,46.0,0
281.0,13932.1548072,899.599975586,0.0,0.0,455.957855225,1753.6875,458685.659452,2002055.49709,海南省,海南,46.0,0
282.0,11134.936684,477.299987793,0.0,3.46318840981,451.345794678,1794.5,468685.659452,2002055.49709,海南省,海南,46.0,0
283.0,4550.36496005,748.699951172,0.0,3.46318840981,451.345794678,-3477.5,478685.659452,2002055.49709,海南省,海南,46.0,0
284.0,766.555833246,694.099975586,0.0,3.46318840981,451.345794678,-5774.9375,488685.659452,2002055.49709,海南省,海南,46.0,0
285.0,1683.76172727,0.0,0.0,0.0,435.443939209,-1550.0,498685.659452,2002055.49709,海南省,海南,46.0,0
286.0,10744.6483283,737.599975586,5.0,0.0,435.443939209,1568.9375,508685.659452,2002055.49709,海南省,海南,46.0,0
287.0,3116.68615897,705.799987793,0.0,0.0,435.443939209,837.0625,518685.659452,2002055.49709,海南省,海南,46.0,0
288.0,16305.842935,721.099975586,0.0,6.40329647064,340.137512207,310.9375,528685.659452,2002055.49709,海南省,海南,46.0,0
289.0,9297.05264128,756.899963379,5.0,6.40329647064,340.137512207,290.8125,538685.659452,2002055.49709,海南省,海南,46.0,0
290.0,23106.4390413,697.299926758,7.0,7.01305913925,386.903991699,1637.625,548685.659452,2002055.49709,海南省,海南,46.0,0
291.0,2074.72169098,1195.19995117,0.0,7.01305913925,386.903991699,392.125,558685.659452,2002055.49709,海南省,海南,46.0,0
292.0,3701.79242928,668.899963379,0.0,7.01305913925,386.903991699,-1100.9375,568685.659452,2002055.49709,海南省,海南,46.0,0
293.0,34278.7203817,593.499938965,39.0,3.71305370331,403.681945801,953.125,578685.659452,2002055.49709,海南省,海南,46.0,0
294.0,1465175.01493,912.199951172,14.0,3.71305370331,403.681945801,111913.25,588685.659452,2002055.49709,海南省,海南,46.0,2
295.0,19405.5042978,460.5,29.0,3.71305370331,403.681945801,438377.875,598685.659452,2002055.49709,海南省,海南,46.0,0
298.0,14449.4100501,0.0,6.0,0.0,0.0,220168.25,418685.659452,2012055.49709,海南省,海南,46.0,0
299.0,32880.8408415,637.900024414,0.0,0.0,0.0,109993.875,428685.659452,2012055.49709,海南省,海南,46.0,0
300.0,35238.7774702,753.5,0.0,0.0,455.957855225,-16.6875,438685.659452,2012055.49709,海南省,海南,46.0,0
301.0,26577.1264465,739.5,5.0,0.0,455.957855225,866.75,448685.659452,2012055.49709,海南省,海南,46.0,0
302.0,26283.9470947,751.599975586,0.0,0.0,455.957855225,2569.25,458685.659452,2012055.49709,海南省,海南,46.0,0
303.0,251870.381006,764.199951172,0.0,3.46318840981,451.345794678,1703.4375,468685.659452,2012055.49709,海南省,海南,46.0,6
304.0,6912.5557766,767.200012207,0.0,3.46318840981,451.345794678,-895.125,478685.659452,2012055.49709,海南省,海南,46.0,0
305.0,5475.2172696,386.299987793,0.0,3.46318840981,451.345794678,-1287.1875,488685.659452,2012055.49709,海南省,海南,46.0,0
306.0,5773.38596668,1211.90002441,0.0,0.0,435.443939209,-1394.9375,498685.659452,2012055.49709,海南省,海南,46.0,0
307.0,5650.23795851,189.899993896,0.0,0.0,435.443939209,309.1875,508685.659452,2012055.49709,海南省,海南,46.0,0
308.0,875.223380814,448.199981689,0.0,0.0,435.443939209,-1608.9375,518685.659452,2012055.49709,海南省,海南,46.0,0
309.0,2352.89080301,1210.69995117,5.0,6.40329647064,340.137512207,-283.375,528685.659452,2012055.49709,海南省,海南,46.0,0
310.0,9802.26982191,999.799987793,13.0,6.40329647064,340.137512207,-303.5625,538685.659452,2012055.49709,海南省,海南,46.0,0
311.0,106408.66187,702.299926758,5.0,7.01305913925,386.903991699,879.6875,548685.659452,2012055.49709,海南省,海南,46.0,0
312.0,15043.0340394,743.299987793,5.0,7.01305913925,386.903991699,1242.5,558685.659452,2012055.49709,海南省,海南,46.0,0
313.0,9855.64094899,895.899963379,0.0,7.01305913925,386.903991699,319.4375,568685.659452,2012055.49709,海南省,海南,46.0,0
314.0,9306.21240889,752.099975586,5.0,3.71305370331,403.681945801,2104.0,578685.659452,2012055.49709,海南省,海南,46.0,0
315.0,64266.8887854,647.299987793,5.0,3.71305370331,403.681945801,912.0625,588685.659452,2012055.49709,海南省,海南,46.0,0
316.0,13611.4581358,1267.30004883,14.0,3.71305370331,403.681945801,220272.0625,598685.659452,2012055.49709,海南省,海南,46.0,0
319.0,15114.9151112,512.900024414,5.0,0.0,0.0,439188.5,428685.659452,2022055.49709,海南省,海南,46.0,0
320.0,51472.8708873,379.399993896,5.0,0.0,0.0,221665.3125,438685.659452,2022055.49709,海南省,海南,46.0,0
321.0,18629.7774368,925.099975586,0.0,0.0,0.0,111898.1875,448685.659452,2022055.49709,海南省,海南,46.0,0
322.0,12916.0946522,745.399963379,5.0,0.0,0.0,1983.8125,458685.659452,2022055.49709,海南省,海南,46.0,0
323.0,22722.268031,775.999938965,5.0,4.36719703674,464.987304688,-1728.75,468685.659452,2022055.49709,海南省,海南,46.0,0
324.0,24018.3026375,775.200012207,10.0,4.36719703674,464.987304688,631.8125,478685.659452,2022055.49709,海南省,海南,46.0,0
325.0,168908.743866,701.900024414,14.0,4.36719703674,464.987304688,2890.75,488685.659452,2022055.49709,海南省,海南,46.0,6
326.0,18291.7848407,708.099975586,7.0,0.0,480.592529297,2116.1875,498685.659452,2022055.49709,海南省,海南,46.0,0
327.0,5167.86315565,765.700012207,0.0,0.0,480.592529297,400.375,508685.659452,2022055.49709,海南省,海南,46.0,0
328.0,10586.5765618,758.5,5.0,0.0,480.592529297,830.0,518685.659452,2022055.49709,海南省,海南,46.0,0
329.0,2082.02652699,953.399963379,0.0,0.0,513.962402344,-5.75,528685.659452,2022055.49709,海南省,海南,46.0,0
330.0,6589.48471055,1226.49987793,0.0,0.0,513.962402344,-361.5625,538685.659452,2022055.49709,海南省,海南,46.0,0
331.0,33520.5254405,917.199951172,5.0,0.157089442015,482.112335205,-2616.1875,548685.659452,2022055.49709,海南省,海南,46.0,0
332.0,12344.3776742,710.900024414,0.0,0.157089442015,482.112335205,-939.75,558685.659452,2022055.49709,海南省,海南,46.0,0
333.0,21657.2192287,667.400024414,6.0,0.157089442015,482.112335205,-2953.9375,568685.659452,2022055.49709,海南省,海南,46.0,0
334.0,51419.421696,741.199951172,8.0,0.0,479.968841553,-2494.9375,578685.659452,2022055.49709,海南省,海南,46.0,0
335.0,15171.550209,290.800018311,5.0,0.0,479.968841553,135.1875,588685.659452,2022055.49709,海南省,海南,46.0,0
336.0,3807.40634437,1211.30004883,6.0,0.0,479.968841553,110074.875,598685.659452,2022055.49709,海南省,海南,46.0,0
337.0,9359.36967006,672.100036621,7.0,0.0,0.0,330099.4375,608685.659452,2022055.49709,海南省,海南,46.0,0
340.0,10748.8758635,0.0,5.0,0.0,0.0,0.0,438685.659452,2032055.49709,海南省,海南,46.0,0
341.0,53140.0571952,482.799987793,0.0,0.0,0.0,218367.8125,448685.659452,2032055.49709,海南省,海南,46.0,0
342.0,19448.6645878,654.199951172,0.0,0.0,0.0,-1640.375,458685.659452,2032055.49709,海南省,海南,46.0,0
343.0,232931.350664,704.0,0.0,4.36719703674,464.987304688,-1089.0625,468685.659452,2032055.49709,海南省,海南,46.0,6
344.0,4929.25482882,1275.5,5.0,4.36719703674,464.987304688,928.375,478685.659452,2032055.49709,海南省,海南,46.0,0
345.0,13926.1122496,767.899963379,7.0,4.36719703674,464.987304688,740.625,488685.659452,2032055.49709,海南省,海南,46.0,0
346.0,17576.4950007,856.0,5.0,0.0,480.592529297,-3137.5,498685.659452,2032055.49709,海南省,海南,46.0,0
347.0,13165.3083195,687.5,0.0,0.0,480.592529297,-795.6875,508685.659452,2032055.49709,海南省,海南,46.0,0
348.0,6779.92314466,784.199951172,4.0,0.0,480.592529297,-471.875,518685.659452,2032055.49709,海南省,海南,46.0,0
349.0,2567.97703318,870.199951172,0.0,0.0,513.962402344,-682.6875,528685.659452,2032055.49709,海南省,海南,46.0,0
350.0,11219.3055444,1194.09997559,6.0,0.0,513.962402344,-166.5625,538685.659452,2032055.49709,海南省,海南,46.0,0
351.0,19771.1818829,724.900024414,0.0,0.157089442015,482.112335205,452.5625,548685.659452,2032055.49709,海南省,海南,46.0,0
352.0,14785.2133104,924.999938965,0.0,0.157089442015,482.112335205,1016.5,558685.659452,2032055.49709,海南省,海南,46.0,0
353.0,21449.2553935,751.899963379,7.0,0.157089442015,482.112335205,184.6875,568685.659452,2032055.49709,海南省,海南,46.0,0
354.0,46483.1416649,690.599975586,0.0,0.0,479.968841553,863.3125,578685.659452,2032055.49709,海南省,海南,46.0,0
355.0,17961.6787829,960.599975586,9.0,0.0,479.968841553,-478.125,588685.659452,2032055.49709,海南省,海南,46.0,0
356.0,6004.61195147,1242.80004883,0.0,0.0,479.968841553,-688.4375,598685.659452,2032055.49709,海南省,海南,46.0,0
357.0,13028.6855473,1208.09997559,5.0,0.0,0.0,109529.0,608685.659452,2032055.49709,海南省,海南,46.0,0
358.0,81707.5295046,686.199951172,0.0,0.0,0.0,327362.9375,618685.659452,2032055.49709,海南省,海南,46.0,0
362.0,49512.5153808,360.600006104,7.0,0.0,0.0,1035.4375,458685.659452,2042055.49709,海南省,海南,46.0,0
363.0,51571.340687,697.999938965,6.0,4.36719703674,464.987304688,1279.6875,468685.659452,2042055.49709,海南省,海南,46.0,0
364.0,35508.4240857,651.699951172,6.0,4.36719703674,464.987304688,2032.1875,478685.659452,2042055.49709,海南省,海南,46.0,0
365.0,13519.9518173,741.199951172,5.0,4.36719703674,464.987304688,1287.6875,488685.659452,2042055.49709,海南省,海南,46.0,0
366.0,25106.6753011,689.299987793,5.0,0.0,480.592529297,1948.5625,498685.659452,2042055.49709,海南省,海南,46.0,0
367.0,18375.7959676,659.099975586,0.0,0.0,480.592529297,-113.375,508685.659452,2042055.49709,海南省,海南,46.0,0
368.0,5682.88938651,729.299987793,0.0,0.0,480.592529297,-685.5,518685.659452,2042055.49709,海南省,海南,46.0,0
369.0,17373.3219294,690.700012207,0.0,0.0,513.962402344,953.625,528685.659452,2042055.49709,海南省,海南,46.0,0
370.0,13462.9518505,645.0,0.0,0.0,513.962402344,404.8125,538685.659452,2042055.49709,海南省,海南,46.0,0
371.0,18635.2151766,737.799987793,7.0,0.157089442015,482.112335205,230.25,548685.659452,2042055.49709,海南省,海南,46.0,0
372.0,27085.6373392,660.099975586,0.0,0.157089442015,482.112335205,1067.75,558685.659452,2042055.49709,海南省,海南,46.0,0
373.0,59473.7164345,647.899963379,8.0,0.157089442015,482.112335205,772.9375,568685.659452,2042055.49709,海南省,海南,46.0,0
374.0,22175.8862045,655.900024414,7.0,0.0,479.968841553,1047.75,578685.659452,2042055.49709,海南省,海南,46.0,0
375.0,28946.0729947,636.099975586,5.0,0.0,479.968841553,852.75,588685.659452,2042055.49709,海南省,海南,46.0,0
376.0,12759.3782161,605.200012207,7.0,0.0,479.968841553,439.625,598685.659452,2042055.49709,海南省,海南,46.0,0
377.0,33884.5703096,1234.39990234,42.0,0.0,0.0,795.5625,608685.659452,2042055.49709,海南省,海南,46.0,0
378.0,69293.2922588,1254.59997559,0.0,0.0,0.0,110401.25,618685.659452,2042055.49709,海南省,海南,46.0,0
379.0,11973.2307738,694.099975586,7.0,0.0,0.0,434330.625,628685.659452,2042055.49709,海南省,海南,46.0,0
382.0,25462.4878217,0.0,38.0,0.0,0.0,440924.25,448685.659452,2052055.49709,海南省,海南,46.0,0
383.0,16458.257864,447.200012207,6.0,0.0,0.0,220959.5,458685.659452,2052055.49709,海南省,海南,46.0,0
384.0,17535.6953159,594.900024414,5.0,12.4716777802,485.281402588,216209.25,468685.659452,2052055.49709,海南省,海南,46.0,0
385.0,34178.5154736,692.099975586,7.0,12.4716777802,485.281402588,109860.0,478685.659452,2052055.49709,海南省,海南,46.0,0
386.0,45241.7917185,926.099975586,0.0,12.4716777802,485.281402588,-1056.25,488685.659452,2052055.49709,海南省,海南,46.0,0
387.0,15947.8884919,726.299987793,6.0,19.5002975464,502.737182617,426.5,498685.659452,2052055.49709,海南省,海南,46.0,0
388.0,50351.3597275,705.099975586,7.0,19.5002975464,502.737182617,1299.25,508685.659452,2052055.49709,海南省,海南,46.0,0
389.0,17661.6042866,647.399963379,0.0,19.5002975464,502.737182617,1877.875,518685.659452,2052055.49709,海南省,海南,46.0,0
390.0,54512.6444689,857.099975586,29.0,2.63684487343,573.225952148,-315.0,528685.659452,2052055.49709,海南省,海南,46.0,0
391.0,75132.9272656,709.499938965,5.0,2.63684487343,573.225952148,1628.5625,538685.659452,2052055.49709,海南省,海南,46.0,0
392.0,18128.7922124,698.599975586,7.0,0.0,597.417236328,2241.75,548685.659452,2052055.49709,海南省,海南,46.0,0
393.0,31270.6266175,677.899963379,7.0,0.0,597.417236328,436.0,558685.659452,2052055.49709,海南省,海南,46.0,0
394.0,93254.8519478,500.100006104,17.0,0.0,597.417236328,-666.9375,568685.659452,2052055.49709,海南省,海南,46.0,0
395.0,13837.1236678,645.900024414,5.0,0.0,525.515808105,61.75,578685.659452,2052055.49709,海南省,海南,46.0,0
396.0,24253.5017473,377.799987793,7.0,0.0,525.515808105,938.375,588685.659452,2052055.49709,海南省,海南,46.0,0
397.0,7401.08226831,1217.69995117,0.0,0.0,525.515808105,388.5625,598685.659452,2052055.49709,海南省,海南,46.0,0
398.0,47456.6994456,886.399963379,11.0,0.0,513.518554688,-212.875,608685.659452,2052055.49709,海南省,海南,46.0,0
399.0,31556.9959281,688.699951172,5.0,0.0,513.518554688,-823.1875,618685.659452,2052055.49709,海南省,海南,46.0,0
400.0,17998.4845984,681.700012207,7.0,0.0,513.518554688,329222.0,628685.659452,2052055.49709,海南省,海南,46.0,0
401.0,10045.8596479,840.399963379,8.0,0.0,0.0,0.0,638685.659452,2052055.49709,海南省,海南,46.0,0
404.0,8815.3251672,0.0,0.0,0.0,0.0,0.0,458685.659452,2062055.49709,海南省,海南,46.0,0
407.0,18877.0471457,848.499938965,5.0,12.4716777802,485.281402588,110970.625,488685.659452,2062055.49709,海南省,海南,46.0,0
408.0,129772.560258,936.499938965,6.0,19.5002975464,502.737182617,1104.5625,498685.659452,2062055.49709,海南省,海南,46.0,0
409.0,47877.1369455,478.199981689,5.0,19.5002975464,502.737182617,-44.0,508685.659452,2062055.49709,海南省,海南,46.0,0
410.0,45600.2745621,673.799987793,16.0,19.5002975464,502.737182617,-515.125,518685.659452,2062055.49709,海南省,海南,46.0,0
411.0,47609.9731162,732.700012207,13.0,2.63684487343,573.225952148,763.125,528685.659452,2062055.49709,海南省,海南,46.0,0
412.0,27105.6760588,664.0,6.0,2.63684487343,573.225952148,-1050.0625,538685.659452,2062055.49709,海南省,海南,46.0,0
413.0,19283.8126711,684.299987793,6.0,0.0,597.417236328,1827.4375,548685.659452,2062055.49709,海南省,海南,46.0,0
414.0,16727.8491606,649.199951172,5.0,0.0,597.417236328,-167.3125,558685.659452,2062055.49709,海南省,海南,46.0,0
415.0,42866.1269306,1182.40002441,8.0,0.0,597.417236328,-2200.625,568685.659452,2062055.49709,海南省,海南,46.0,0
416.0,15376.5577859,614.899963379,0.0,0.0,525.515808105,-103.5,578685.659452,2062055.49709,海南省,海南,46.0,0
417.0,23263.8215828,684.799987793,0.0,0.0,525.515808105,1344.9375,588685.659452,2062055.49709,海南省,海南,46.0,0
418.0,37905.2078605,906.200012207,6.0,0.0,525.515808105,-682.5,598685.659452,2062055.49709,海南省,海南,46.0,0
419.0,36845.1886363,701.599975586,6.0,0.0,513.518554688,727.6875,608685.659452,2062055.49709,海南省,海南,46.0,0
420.0,11552.0932797,592.0,5.0,0.0,513.518554688,422.875,618685.659452,2062055.49709,海南省,海南,46.0,0
421.0,15879.8873645,586.200012207,5.0,0.0,513.518554688,330108.125,628685.659452,2062055.49709,海南省,海南,46.0,0
422.0,3440.83950741,753.699951172,0.0,0.0,0.0,0.0,638685.659452,2062055.49709,海南省,海南,46.0,0
424.0,10609.8111449,0.0,5.0,12.4716777802,485.281402588,436615.5625,488685.659452,2072055.49709,海南省,海南,46.0,0
425.0,41208.2431072,477.5,31.0,19.5002975464,502.737182617,328003.8125,498685.659452,2072055.49709,海南省,海南,46.0,0
426.0,9070.61622441,0.0,7.0,19.5002975464,502.737182617,328732.5625,508685.659452,2072055.49709,海南省,海南,46.0,0
427.0,11848.871041,0.0,10.0,19.5002975464,502.737182617,327502.75,518685.659452,2072055.49709,海南省,海南,46.0,0
428.0,10636.2608118,682.199951172,0.0,2.63684487343,573.225952148,219138.1875,528685.659452,2072055.49709,海南省,海南,46.0,0
429.0,6023448.53932,0.0,14.0,2.63684487343,573.225952148,106415.3125,538685.659452,2072055.49709,海南省,海南,46.0,5
430.0,301413.499114,565.799987793,7.0,0.0,597.417236328,454.375,548685.659452,2072055.49709,海南省,海南,46.0,6
431.0,72915.0566253,739.399963379,14.0,0.0,597.417236328,-1260.75,558685.659452,2072055.49709,海南省,海南,46.0,0
432.0,112154.386151,484.999969482,10.0,0.0,597.417236328,855.625,568685.659452,2072055.49709,海南省,海南,46.0,0
433.0,1181517.16,301.200012207,16.0,0.0,525.515808105,2287.0625,578685.659452,2072055.49709,海南省,海南,46.0,2
434.0,77334.2094244,861.700012207,7.0,0.0,525.515808105,3838.6875,588685.659452,2072055.49709,海南省,海南,46.0,0
435.0,26925.3990895,0.0,5.0,0.0,525.515808105,-1786.9375,598685.659452,2072055.49709,海南省,海南,46.0,0
436.0,14332.0153902,518.5,5.0,0.0,513.518554688,771.3125,608685.659452,2072055.49709,海南省,海南,46.0,0
437.0,12953.80803,636.299987793,0.0,0.0,513.518554688,1497.5,618685.659452,2072055.49709,海南省,海南,46.0,0
438.0,14205.0784012,692.799987793,5.0,0.0,513.518554688,328466.9375,628685.659452,2072055.49709,海南省,海南,46.0,0
444.0,34233.2263466,0.0,51.0,0.0,0.0,330909.375,548685.659452,2082055.49709,海南省,海南,46.0,0
445.0,278087.565892,0.0,60.0,0.0,0.0,327813.0,558685.659452,2082055.49709,海南省,海南,46.0,6
446.0,2756609.22759,0.0,59.0,0.0,0.0,331480.0625,568685.659452,2082055.49709,海南省,海南,46.0,4
447.0,82882.586312,0.0,52.0,0.0,0.0,325464.8125,578685.659452,2082055.49709,海南省,海南,46.0,0
448.0,10951.0114593,0.0,0.0,0.0,0.0,215682.6875,588685.659452,2082055.49709,海南省,海南,46.0,0
449.0,13488.9189639,607.299987793,5.0,0.0,0.0,219403.375,598685.659452,2082055.49709,海南省,海南,46.0,0
450.0,16651.8146435,648.599975586,7.0,0.0,515.133422852,217257.375,608685.659452,2082055.49709,海南省,海南,46.0,0
451.0,7408.61317705,0.0,0.0,0.0,515.133422852,323031.9375,618685.659452,2082055.49709,海南省,海南,46.0,0
452.0,6933.72299087,0.0,5.0,0.0,515.133422852,546450.0,628685.659452,2082055.49709,海南省,海南,46.0,0
459.0,8397.24613117,0.0,10.0,0.0,0.0,544277.6875,598685.659452,2092055.49709,海南省,海南,46.0,0
